{"accuracy": 0.8666666666666667, "specificity": 0.3125, "sensitivity": 0.9662921348314607}